dataset,mode,cycle,decoder,sequence_index,bit_true,bit_pred_hard,cost0,cost1,margin,payload_index,char_index,bit_in_char
NULO,RAW,aggregate,hard_vector,16,0,0,33.14947060746561,39.807519801580526,6.658049194114916,,,
NULO,RAW,aggregate,hard_vector,17,1,0,26.6929028114276,31.790847019893448,5.097944208465847,,,
NULO,RAW,aggregate,hard_vector,18,0,1,35.96263428529922,30.185499742674033,5.777134542625184,,,
NULO,RAW,aggregate,hard_vector,19,0,1,15.87299871071687,11.871369470716711,4.001629240000158,,,
NULO,RAW,aggregate,hard_vector,20,1,0,30.793224195317595,32.676332661676916,1.883108466359321,,,
NULO,RAW,aggregate,hard_vector,21,1,0,44.97075157803993,47.65488849718739,2.6841369191474627,,,
NULO,RAW,aggregate,hard_vector,22,0,0,24.649921236600466,24.683999484744877,0.03407824814441085,,,
NULO,RAW,aggregate,hard_vector,23,0,1,43.01623510415848,42.80743662597368,0.20879847818480357,,,
NULO,RAW,aggregate,hard_vector,24,0,0,26.466079216855245,28.35963289324266,1.8935536763874161,,,
NULO,RAW,aggregate,hard_vector,25,0,0,4.286954528375627,5.151930062448991,0.8649755340733636,,,
NULO,RAW,aggregate,hard_vector,26,0,0,20.567376129522486,23.071787410188414,2.504411280665927,,,
NULO,RAW,aggregate,hard_vector,27,0,0,76.94333462139903,85.81693194869639,8.873597327297361,,,
NULO,RAW,aggregate,hard_vector,28,0,0,5.824221564346534,8.54645898494366,2.7222374205971267,,,
NULO,RAW,aggregate,hard_vector,29,1,1,19.17655341422116,16.685714003595763,2.490839410625398,,,
NULO,RAW,aggregate,hard_vector,30,1,0,30.89147788220273,34.320290503651094,3.4288126214483654,,,
NULO,RAW,aggregate,hard_vector,31,0,1,5.478901905598817,4.572247072319823,0.9066548332789939,,,
NULO,RAW,aggregate,hard_vector,32,0,0,48.49655816069147,48.51445845785725,0.0179002971657809,,,
NULO,RAW,aggregate,hard_vector,33,1,1,28.233865910514762,26.51547129295082,1.7183946175639413,,,
NULO,RAW,aggregate,hard_vector,34,1,1,32.53087420434913,32.01406025039088,0.5168139539582555,,,
NULO,RAW,aggregate,hard_vector,35,1,0,33.61249656206925,38.85089784382035,5.238401281751095,,,
NULO,RAW,aggregate,hard_vector,36,1,0,11.596002176794054,13.757851511087612,2.1618493342935583,,,
NULO,RAW,aggregate,hard_vector,37,0,0,6.826592565241316,9.279620192910466,2.45302762766915,,,
NULO,RAW,aggregate,hard_vector,38,1,0,29.23408309504368,33.84033285671277,4.6062497616690905,,,
NULO,RAW,aggregate,hard_vector,39,0,1,11.377709212416988,10.160769633894342,1.2169395785226467,,,
NULO,RAW,aggregate,hard_vector,40,0,0,63.24412204087198,71.74978764686173,8.505665605989755,,,
NULO,RAW,aggregate,hard_vector,41,0,1,5.168769849476697,3.3465376245411296,1.8222322249355676,,,
NULO,RAW,aggregate,hard_vector,42,0,0,58.60712403303933,65.18477404513341,6.577650012094082,,,
NULO,RAW,aggregate,hard_vector,43,1,0,10.41046322699145,14.077847211212172,3.667383984220722,,,
NULO,RAW,aggregate,hard_vector,44,1,0,22.83337503519112,25.044890805257282,2.2115157700661605,,,
NULO,RAW,aggregate,hard_vector,45,0,0,23.506141006322235,26.955935218734414,3.449794212412179,,,
NULO,RAW,aggregate,hard_vector,46,1,0,20.12920400212738,22.72525178324114,2.5960477811137608,,,
NULO,RAW,aggregate,hard_vector,47,0,1,29.157787113332063,25.072158903738657,4.085628209593406,,,
NULO,RAW,aggregate,hard_vector,48,1,0,46.467054529945045,52.218461100083914,5.751406570138869,,,
NULO,RAW,aggregate,hard_vector,49,0,0,46.27248214076431,50.90603953578292,4.633557395018606,,,
NULO,RAW,aggregate,hard_vector,50,1,0,15.736127922049123,18.23274152453485,2.4966136024857253,,,
NULO,RAW,aggregate,hard_vector,51,0,0,61.08909230594343,62.1684593100105,1.0793670040670662,,,
NULO,RAW,aggregate,hard_vector,52,1,0,20.360212383038228,25.117907664344465,4.757695281306237,,,
NULO,RAW,aggregate,hard_vector,53,0,0,19.089812290728776,19.84853696888727,0.7587246781584938,,,
NULO,RAW,aggregate,hard_vector,54,1,0,28.7898344435379,28.873541914994593,0.08370747145669455,,,
NULO,RAW,aggregate,hard_vector,55,1,0,8.090494491431839,8.212247166260424,0.12175267482858487,,,
NULO,RAW,aggregate,hard_vector,56,0,0,17.498575079043132,20.248634788337647,2.750059709294515,,,
NULO,RAW,aggregate,hard_vector,57,1,0,14.922389326299765,19.357555793130516,4.435166466830751,,,
NULO,RAW,aggregate,hard_vector,58,0,0,22.658757977302415,22.89207383466748,0.2333158573650671,,,
NULO,RAW,aggregate,hard_vector,59,1,0,8.539477772509187,11.42509271613774,2.8856149436285534,,,
NULO,RAW,aggregate,hard_vector,60,1,0,2.5007887921424428,4.172827668783156,1.672038876640713,,,
NULO,RAW,aggregate,soft_vector_codebook,16,0,0,33.14947060746561,39.807519801580526,6.658049194114916,0.0,0.0,0.0
NULO,RAW,aggregate,soft_vector_codebook,17,1,0,26.6929028114276,31.790847019893448,5.097944208465847,1.0,1.0,0.0
NULO,RAW,aggregate,soft_vector_codebook,18,0,1,35.96263428529922,30.185499742674033,5.777134542625184,2.0,2.0,0.0
NULO,RAW,aggregate,soft_vector_codebook,19,0,1,15.87299871071687,11.871369470716711,4.001629240000158,3.0,3.0,0.0
NULO,RAW,aggregate,soft_vector_codebook,20,1,0,30.793224195317595,32.676332661676916,1.883108466359321,4.0,4.0,0.0
NULO,RAW,aggregate,soft_vector_codebook,21,1,0,44.97075157803993,47.65488849718739,2.6841369191474627,5.0,0.0,1.0
NULO,RAW,aggregate,soft_vector_codebook,22,0,0,24.649921236600466,24.683999484744877,0.03407824814441085,6.0,1.0,1.0
NULO,RAW,aggregate,soft_vector_codebook,23,0,1,43.01623510415848,42.80743662597368,0.20879847818480357,7.0,2.0,1.0
NULO,RAW,aggregate,soft_vector_codebook,24,0,0,26.466079216855245,28.35963289324266,1.8935536763874161,8.0,3.0,1.0
NULO,RAW,aggregate,soft_vector_codebook,25,0,0,4.286954528375627,5.151930062448991,0.8649755340733636,9.0,4.0,1.0
NULO,RAW,aggregate,soft_vector_codebook,26,0,0,20.567376129522486,23.071787410188414,2.504411280665927,10.0,0.0,2.0
NULO,RAW,aggregate,soft_vector_codebook,27,0,0,76.94333462139903,85.81693194869639,8.873597327297361,11.0,1.0,2.0
NULO,RAW,aggregate,soft_vector_codebook,28,0,0,5.824221564346534,8.54645898494366,2.7222374205971267,12.0,2.0,2.0
NULO,RAW,aggregate,soft_vector_codebook,29,1,1,19.17655341422116,16.685714003595763,2.490839410625398,13.0,3.0,2.0
NULO,RAW,aggregate,soft_vector_codebook,30,1,0,30.89147788220273,34.320290503651094,3.4288126214483654,14.0,4.0,2.0
NULO,RAW,aggregate,soft_vector_codebook,31,0,1,5.478901905598817,4.572247072319823,0.9066548332789939,15.0,0.0,3.0
NULO,RAW,aggregate,soft_vector_codebook,32,0,0,48.49655816069147,48.51445845785725,0.0179002971657809,16.0,1.0,3.0
NULO,RAW,aggregate,soft_vector_codebook,33,1,1,28.233865910514762,26.51547129295082,1.7183946175639413,17.0,2.0,3.0
NULO,RAW,aggregate,soft_vector_codebook,34,1,1,32.53087420434913,32.01406025039088,0.5168139539582555,18.0,3.0,3.0
NULO,RAW,aggregate,soft_vector_codebook,35,1,0,33.61249656206925,38.85089784382035,5.238401281751095,19.0,4.0,3.0
NULO,RAW,aggregate,soft_vector_codebook,36,1,0,11.596002176794054,13.757851511087612,2.1618493342935583,20.0,0.0,4.0
NULO,RAW,aggregate,soft_vector_codebook,37,0,0,6.826592565241316,9.279620192910466,2.45302762766915,21.0,1.0,4.0
NULO,RAW,aggregate,soft_vector_codebook,38,1,0,29.23408309504368,33.84033285671277,4.6062497616690905,22.0,2.0,4.0
NULO,RAW,aggregate,soft_vector_codebook,39,0,1,11.377709212416988,10.160769633894342,1.2169395785226467,23.0,3.0,4.0
NULO,RAW,aggregate,soft_vector_codebook,40,0,0,63.24412204087198,71.74978764686173,8.505665605989755,24.0,4.0,4.0
NULO,RAW,aggregate,soft_vector_codebook,41,0,1,5.168769849476697,3.3465376245411296,1.8222322249355676,25.0,0.0,5.0
NULO,RAW,aggregate,soft_vector_codebook,42,0,0,58.60712403303933,65.18477404513341,6.577650012094082,26.0,1.0,5.0
NULO,RAW,aggregate,soft_vector_codebook,43,1,0,10.41046322699145,14.077847211212172,3.667383984220722,27.0,2.0,5.0
NULO,RAW,aggregate,soft_vector_codebook,44,1,0,22.83337503519112,25.044890805257282,2.2115157700661605,28.0,3.0,5.0
NULO,RAW,aggregate,soft_vector_codebook,45,0,0,23.506141006322235,26.955935218734414,3.449794212412179,29.0,4.0,5.0
NULO,RAW,aggregate,soft_vector_codebook,46,1,0,20.12920400212738,22.72525178324114,2.5960477811137608,30.0,0.0,6.0
NULO,RAW,aggregate,soft_vector_codebook,47,0,1,29.157787113332063,25.072158903738657,4.085628209593406,31.0,1.0,6.0
NULO,RAW,aggregate,soft_vector_codebook,48,1,0,46.467054529945045,52.218461100083914,5.751406570138869,32.0,2.0,6.0
NULO,RAW,aggregate,soft_vector_codebook,49,0,0,46.27248214076431,50.90603953578292,4.633557395018606,33.0,3.0,6.0
NULO,RAW,aggregate,soft_vector_codebook,50,1,0,15.736127922049123,18.23274152453485,2.4966136024857253,34.0,4.0,6.0
NULO,RAW,aggregate,soft_vector_codebook,51,0,0,61.08909230594343,62.1684593100105,1.0793670040670662,35.0,0.0,7.0
NULO,RAW,aggregate,soft_vector_codebook,52,1,0,20.360212383038228,25.117907664344465,4.757695281306237,36.0,1.0,7.0
NULO,RAW,aggregate,soft_vector_codebook,53,0,0,19.089812290728776,19.84853696888727,0.7587246781584938,37.0,2.0,7.0
NULO,RAW,aggregate,soft_vector_codebook,54,1,0,28.7898344435379,28.873541914994593,0.08370747145669455,38.0,3.0,7.0
NULO,RAW,aggregate,soft_vector_codebook,55,1,0,8.090494491431839,8.212247166260424,0.12175267482858487,39.0,4.0,7.0
NULO,RAW,aggregate,soft_vector_codebook,56,0,0,17.498575079043132,20.248634788337647,2.750059709294515,40.0,0.0,8.0
NULO,RAW,aggregate,soft_vector_codebook,57,1,0,14.922389326299765,19.357555793130516,4.435166466830751,41.0,1.0,8.0
NULO,RAW,aggregate,soft_vector_codebook,58,0,0,22.658757977302415,22.89207383466748,0.2333158573650671,42.0,2.0,8.0
NULO,RAW,aggregate,soft_vector_codebook,59,1,0,8.539477772509187,11.42509271613774,2.8856149436285534,43.0,3.0,8.0
NULO,RAW,aggregate,soft_vector_codebook,60,1,0,2.5007887921424428,4.172827668783156,1.672038876640713,44.0,4.0,8.0
NULO,POST_Q1_1,aggregate,hard_vector,16,0,0,21.268461063146493,33.852180832876215,12.583719769729722,,,
NULO,POST_Q1_1,aggregate,hard_vector,17,1,0,2.499819064690149,3.9568460727898307,1.4570270080996819,,,
NULO,POST_Q1_1,aggregate,hard_vector,18,0,1,14.347430432578609,6.0898427238676245,8.257587708710984,,,
NULO,POST_Q1_1,aggregate,hard_vector,19,0,1,24.298108315470017,12.937120898765524,11.360987416704493,,,
NULO,POST_Q1_1,aggregate,hard_vector,20,1,0,6.81463618542018,9.752801606539926,2.938165421119746,,,
NULO,POST_Q1_1,aggregate,hard_vector,21,1,1,30.309909499309864,25.465123627588092,4.844785871721772,,,
NULO,POST_Q1_1,aggregate,hard_vector,22,0,1,15.723747751164826,15.701142537478225,0.02260521368660129,,,
NULO,POST_Q1_1,aggregate,hard_vector,23,0,0,17.3978933641384,28.165905460025325,10.768012095886924,,,
NULO,POST_Q1_1,aggregate,hard_vector,24,0,0,5.091557955840561,6.976951448778334,1.885393492937773,,,
NULO,POST_Q1_1,aggregate,hard_vector,25,0,1,27.153217731139318,25.211116995725387,1.9421007354139306,,,
NULO,POST_Q1_1,aggregate,hard_vector,26,0,0,52.29496916972,73.77820102553612,21.483231855816122,,,
NULO,POST_Q1_1,aggregate,hard_vector,27,0,0,58.19627511156498,85.62187050224487,27.425595390679895,,,
NULO,POST_Q1_1,aggregate,hard_vector,28,0,0,13.528894426565255,25.89891696179192,12.370022535226664,,,
NULO,POST_Q1_1,aggregate,hard_vector,29,1,1,9.51421777188242,2.7247648077115105,6.789452964170909,,,
NULO,POST_Q1_1,aggregate,hard_vector,30,1,0,29.968837581856754,34.750467839038016,4.781630257181263,,,
NULO,POST_Q1_1,aggregate,hard_vector,31,0,0,18.302143216203195,20.93313699555128,2.630993779348085,,,
NULO,POST_Q1_1,aggregate,hard_vector,32,0,1,64.32577595219348,53.31131707726965,11.014458874923832,,,
NULO,POST_Q1_1,aggregate,hard_vector,33,1,1,38.2901033045106,29.501560993828992,8.78854231068161,,,
NULO,POST_Q1_1,aggregate,hard_vector,34,1,0,14.50061022188687,25.81125278861947,11.3106425667326,,,
NULO,POST_Q1_1,aggregate,hard_vector,35,1,0,17.063025793047036,32.71065440275111,15.647628609704075,,,
NULO,POST_Q1_1,aggregate,hard_vector,36,1,1,10.75522627169746,10.511455814946919,0.243770456750541,,,
NULO,POST_Q1_1,aggregate,hard_vector,37,0,0,16.53083845245282,21.33148928945237,4.8006508369995515,,,
NULO,POST_Q1_1,aggregate,hard_vector,38,1,0,40.610280161713895,55.19487224495965,14.584592083245752,,,
NULO,POST_Q1_1,aggregate,hard_vector,39,0,1,16.01228280082407,9.406875036593103,6.605407764230968,,,
NULO,POST_Q1_1,aggregate,hard_vector,40,0,0,132.4378862660677,150.65029125911713,18.212404993049432,,,
NULO,POST_Q1_1,aggregate,hard_vector,41,0,0,0.6640138146099426,3.4306854458086766,2.766671631198734,,,
NULO,POST_Q1_1,aggregate,hard_vector,42,0,0,19.565154100318765,31.898917824861062,12.333763724542298,,,
NULO,POST_Q1_1,aggregate,hard_vector,43,1,0,2.9226611965129243,7.264140712012581,4.341479515499657,,,
NULO,POST_Q1_1,aggregate,hard_vector,44,1,0,27.331383856463237,37.91278424490635,10.581400388443111,,,
NULO,POST_Q1_1,aggregate,hard_vector,45,0,0,51.53994919596724,60.298938888007676,8.758989692040437,,,
NULO,POST_Q1_1,aggregate,hard_vector,46,1,0,12.52136047643605,15.686015069487478,3.164654593051429,,,
NULO,POST_Q1_1,aggregate,hard_vector,47,0,0,10.17143296130052,15.76661682366892,5.595183862368401,,,
NULO,POST_Q1_1,aggregate,hard_vector,48,1,0,11.4014786112008,17.50740475277959,6.10592614157879,,,
NULO,POST_Q1_1,aggregate,hard_vector,49,0,0,60.03607894286265,65.77591497245261,5.739836029589959,,,
NULO,POST_Q1_1,aggregate,hard_vector,50,1,0,30.33171891868591,39.05810570435449,8.726386785668577,,,
NULO,POST_Q1_1,aggregate,hard_vector,51,0,0,41.774352704615666,51.142497904452846,9.36814519983718,,,
NULO,POST_Q1_1,aggregate,hard_vector,52,1,0,12.561849030096491,17.32138263061524,4.759533600518749,,,
NULO,POST_Q1_1,aggregate,hard_vector,53,0,1,56.984458660715475,54.98191377587392,2.002544884841555,,,
NULO,POST_Q1_1,aggregate,hard_vector,54,1,0,41.132372496497304,43.68482742250716,2.552454926009858,,,
NULO,POST_Q1_1,aggregate,hard_vector,55,1,1,22.199881097902775,10.41488156588794,11.784999532014835,,,
NULO,POST_Q1_1,aggregate,hard_vector,56,0,0,5.042568828145676,11.85280962851695,6.8102408003712736,,,
NULO,POST_Q1_1,aggregate,hard_vector,57,1,0,12.261058829177564,16.662804356670826,4.4017455274932615,,,
NULO,POST_Q1_1,aggregate,hard_vector,58,0,0,16.680424375260667,19.224087778568325,2.543663403307658,,,
NULO,POST_Q1_1,aggregate,hard_vector,59,1,0,16.649486990848335,30.536145589083183,13.886658598234849,,,
NULO,POST_Q1_1,aggregate,hard_vector,60,1,1,21.685310545614794,18.50552351072233,3.1797870348924633,,,
NULO,POST_Q1_1,aggregate,soft_vector_codebook,16,0,0,21.268461063146493,33.852180832876215,12.583719769729722,0.0,0.0,0.0
NULO,POST_Q1_1,aggregate,soft_vector_codebook,17,1,0,2.499819064690149,3.9568460727898307,1.4570270080996819,1.0,1.0,0.0
NULO,POST_Q1_1,aggregate,soft_vector_codebook,18,0,1,14.347430432578609,6.0898427238676245,8.257587708710984,2.0,2.0,0.0
NULO,POST_Q1_1,aggregate,soft_vector_codebook,19,0,1,24.298108315470017,12.937120898765524,11.360987416704493,3.0,3.0,0.0
NULO,POST_Q1_1,aggregate,soft_vector_codebook,20,1,0,6.81463618542018,9.752801606539926,2.938165421119746,4.0,4.0,0.0
NULO,POST_Q1_1,aggregate,soft_vector_codebook,21,1,1,30.309909499309864,25.465123627588092,4.844785871721772,5.0,0.0,1.0
NULO,POST_Q1_1,aggregate,soft_vector_codebook,22,0,1,15.723747751164826,15.701142537478225,0.02260521368660129,6.0,1.0,1.0
NULO,POST_Q1_1,aggregate,soft_vector_codebook,23,0,0,17.3978933641384,28.165905460025325,10.768012095886924,7.0,2.0,1.0
NULO,POST_Q1_1,aggregate,soft_vector_codebook,24,0,0,5.091557955840561,6.976951448778334,1.885393492937773,8.0,3.0,1.0
NULO,POST_Q1_1,aggregate,soft_vector_codebook,25,0,1,27.153217731139318,25.211116995725387,1.9421007354139306,9.0,4.0,1.0
NULO,POST_Q1_1,aggregate,soft_vector_codebook,26,0,0,52.29496916972,73.77820102553612,21.483231855816122,10.0,0.0,2.0
NULO,POST_Q1_1,aggregate,soft_vector_codebook,27,0,0,58.19627511156498,85.62187050224487,27.425595390679895,11.0,1.0,2.0
NULO,POST_Q1_1,aggregate,soft_vector_codebook,28,0,0,13.528894426565255,25.89891696179192,12.370022535226664,12.0,2.0,2.0
NULO,POST_Q1_1,aggregate,soft_vector_codebook,29,1,1,9.51421777188242,2.7247648077115105,6.789452964170909,13.0,3.0,2.0
NULO,POST_Q1_1,aggregate,soft_vector_codebook,30,1,0,29.968837581856754,34.750467839038016,4.781630257181263,14.0,4.0,2.0
NULO,POST_Q1_1,aggregate,soft_vector_codebook,31,0,0,18.302143216203195,20.93313699555128,2.630993779348085,15.0,0.0,3.0
NULO,POST_Q1_1,aggregate,soft_vector_codebook,32,0,1,64.32577595219348,53.31131707726965,11.014458874923832,16.0,1.0,3.0
NULO,POST_Q1_1,aggregate,soft_vector_codebook,33,1,1,38.2901033045106,29.501560993828992,8.78854231068161,17.0,2.0,3.0
NULO,POST_Q1_1,aggregate,soft_vector_codebook,34,1,0,14.50061022188687,25.81125278861947,11.3106425667326,18.0,3.0,3.0
NULO,POST_Q1_1,aggregate,soft_vector_codebook,35,1,0,17.063025793047036,32.71065440275111,15.647628609704075,19.0,4.0,3.0
NULO,POST_Q1_1,aggregate,soft_vector_codebook,36,1,1,10.75522627169746,10.511455814946919,0.243770456750541,20.0,0.0,4.0
NULO,POST_Q1_1,aggregate,soft_vector_codebook,37,0,0,16.53083845245282,21.33148928945237,4.8006508369995515,21.0,1.0,4.0
NULO,POST_Q1_1,aggregate,soft_vector_codebook,38,1,0,40.610280161713895,55.19487224495965,14.584592083245752,22.0,2.0,4.0
NULO,POST_Q1_1,aggregate,soft_vector_codebook,39,0,1,16.01228280082407,9.406875036593103,6.605407764230968,23.0,3.0,4.0
NULO,POST_Q1_1,aggregate,soft_vector_codebook,40,0,0,132.4378862660677,150.65029125911713,18.212404993049432,24.0,4.0,4.0
NULO,POST_Q1_1,aggregate,soft_vector_codebook,41,0,0,0.6640138146099426,3.4306854458086766,2.766671631198734,25.0,0.0,5.0
NULO,POST_Q1_1,aggregate,soft_vector_codebook,42,0,0,19.565154100318765,31.898917824861062,12.333763724542298,26.0,1.0,5.0
NULO,POST_Q1_1,aggregate,soft_vector_codebook,43,1,0,2.9226611965129243,7.264140712012581,4.341479515499657,27.0,2.0,5.0
NULO,POST_Q1_1,aggregate,soft_vector_codebook,44,1,0,27.331383856463237,37.91278424490635,10.581400388443111,28.0,3.0,5.0
NULO,POST_Q1_1,aggregate,soft_vector_codebook,45,0,0,51.53994919596724,60.298938888007676,8.758989692040437,29.0,4.0,5.0
NULO,POST_Q1_1,aggregate,soft_vector_codebook,46,1,0,12.52136047643605,15.686015069487478,3.164654593051429,30.0,0.0,6.0
NULO,POST_Q1_1,aggregate,soft_vector_codebook,47,0,0,10.17143296130052,15.76661682366892,5.595183862368401,31.0,1.0,6.0
NULO,POST_Q1_1,aggregate,soft_vector_codebook,48,1,0,11.4014786112008,17.50740475277959,6.10592614157879,32.0,2.0,6.0
NULO,POST_Q1_1,aggregate,soft_vector_codebook,49,0,0,60.03607894286265,65.77591497245261,5.739836029589959,33.0,3.0,6.0
NULO,POST_Q1_1,aggregate,soft_vector_codebook,50,1,0,30.33171891868591,39.05810570435449,8.726386785668577,34.0,4.0,6.0
NULO,POST_Q1_1,aggregate,soft_vector_codebook,51,0,0,41.774352704615666,51.142497904452846,9.36814519983718,35.0,0.0,7.0
NULO,POST_Q1_1,aggregate,soft_vector_codebook,52,1,0,12.561849030096491,17.32138263061524,4.759533600518749,36.0,1.0,7.0
NULO,POST_Q1_1,aggregate,soft_vector_codebook,53,0,1,56.984458660715475,54.98191377587392,2.002544884841555,37.0,2.0,7.0
NULO,POST_Q1_1,aggregate,soft_vector_codebook,54,1,0,41.132372496497304,43.68482742250716,2.552454926009858,38.0,3.0,7.0
NULO,POST_Q1_1,aggregate,soft_vector_codebook,55,1,1,22.199881097902775,10.41488156588794,11.784999532014835,39.0,4.0,7.0
NULO,POST_Q1_1,aggregate,soft_vector_codebook,56,0,0,5.042568828145676,11.85280962851695,6.8102408003712736,40.0,0.0,8.0
NULO,POST_Q1_1,aggregate,soft_vector_codebook,57,1,0,12.261058829177564,16.662804356670826,4.4017455274932615,41.0,1.0,8.0
NULO,POST_Q1_1,aggregate,soft_vector_codebook,58,0,0,16.680424375260667,19.224087778568325,2.543663403307658,42.0,2.0,8.0
NULO,POST_Q1_1,aggregate,soft_vector_codebook,59,1,0,16.649486990848335,30.536145589083183,13.886658598234849,43.0,3.0,8.0
NULO,POST_Q1_1,aggregate,soft_vector_codebook,60,1,1,21.685310545614794,18.50552351072233,3.1797870348924633,44.0,4.0,8.0
PHAN_STRICT_POSTHOC,RAW,aggregate,hard_vector,16,0,0,15.46581324722041,23.47674452324744,8.01093127602703,,,
PHAN_STRICT_POSTHOC,RAW,aggregate,hard_vector,17,1,0,60.12869984049691,70.81475489245996,10.686055051963052,,,
PHAN_STRICT_POSTHOC,RAW,aggregate,hard_vector,18,0,1,12.576293540402077,2.1543856718666152,10.421907868535461,,,
PHAN_STRICT_POSTHOC,RAW,aggregate,hard_vector,19,0,1,38.709099673904035,18.04679077406423,20.662308899839804,,,
PHAN_STRICT_POSTHOC,RAW,aggregate,hard_vector,20,1,0,64.98843948872346,96.50834930324142,31.51990981451796,,,
PHAN_STRICT_POSTHOC,RAW,aggregate,hard_vector,21,1,1,12.752768148628494,9.852396921606708,2.900371227021786,,,
PHAN_STRICT_POSTHOC,RAW,aggregate,hard_vector,22,0,1,15.690056912543904,15.507895188119127,0.18216172442477685,,,
PHAN_STRICT_POSTHOC,RAW,aggregate,hard_vector,23,0,1,60.42268234851672,45.48405910097927,14.93862324753745,,,
PHAN_STRICT_POSTHOC,RAW,aggregate,hard_vector,24,0,0,12.201381101830757,13.325030020470294,1.123648918639537,,,
PHAN_STRICT_POSTHOC,RAW,aggregate,hard_vector,25,0,1,43.6985985450881,43.63525470220023,0.06334384288787476,,,
PHAN_STRICT_POSTHOC,RAW,aggregate,hard_vector,26,0,1,42.04166837435849,33.38702516245875,8.654643211899739,,,
PHAN_STRICT_POSTHOC,RAW,aggregate,hard_vector,27,0,1,16.2232070930132,7.40085518880777,8.82235190420543,,,
PHAN_STRICT_POSTHOC,RAW,aggregate,hard_vector,28,0,1,32.66272493131931,28.200525600019308,4.462199331300003,,,
PHAN_STRICT_POSTHOC,RAW,aggregate,hard_vector,29,1,0,46.08656130908844,62.279978071386104,16.193416762297666,,,
PHAN_STRICT_POSTHOC,RAW,aggregate,hard_vector,30,1,1,54.557048846380155,47.438707938337686,7.1183409080424696,,,
PHAN_STRICT_POSTHOC,RAW,aggregate,hard_vector,31,0,0,28.36526870533647,29.143237780204633,0.7779690748681638,,,
PHAN_STRICT_POSTHOC,RAW,aggregate,hard_vector,32,0,0,19.121065259292337,33.96787151342609,14.846806254133753,,,
PHAN_STRICT_POSTHOC,RAW,aggregate,hard_vector,33,1,1,52.65397206343639,44.64275883317698,8.011213230259415,,,
PHAN_STRICT_POSTHOC,RAW,aggregate,hard_vector,34,1,0,24.638713736399634,29.418567689085265,4.779853952685631,,,
PHAN_STRICT_POSTHOC,RAW,aggregate,hard_vector,35,1,1,20.82205477010671,16.70612378724773,4.1159309828589805,,,
PHAN_STRICT_POSTHOC,RAW,aggregate,hard_vector,36,1,1,15.724052465300973,6.674428964258775,9.049623501042198,,,
PHAN_STRICT_POSTHOC,RAW,aggregate,hard_vector,37,0,1,34.57375099706895,22.808410147979693,11.765340849089256,,,
PHAN_STRICT_POSTHOC,RAW,aggregate,hard_vector,38,1,0,7.82803870999086,16.297625728807716,8.469587018816856,,,
PHAN_STRICT_POSTHOC,RAW,aggregate,hard_vector,39,0,1,4.287756923098775,1.3014078372149829,2.986349085883792,,,
PHAN_STRICT_POSTHOC,RAW,aggregate,hard_vector,40,0,0,4.9012782087270885,12.951955942395513,8.050677733668424,,,
PHAN_STRICT_POSTHOC,RAW,aggregate,hard_vector,41,0,1,51.273545064805084,49.917991637275136,1.355553427529948,,,
PHAN_STRICT_POSTHOC,RAW,aggregate,hard_vector,42,0,0,42.66684306177141,52.685194364216144,10.018351302444735,,,
PHAN_STRICT_POSTHOC,RAW,aggregate,hard_vector,43,1,0,22.23555192472992,31.451544077263176,9.215992152533257,,,
PHAN_STRICT_POSTHOC,RAW,aggregate,hard_vector,44,1,1,33.895294435992604,31.59592394530415,2.299370490688453,,,
PHAN_STRICT_POSTHOC,RAW,aggregate,hard_vector,45,0,1,17.62302156640312,10.029774919617312,7.5932466467858095,,,
PHAN_STRICT_POSTHOC,RAW,aggregate,hard_vector,46,1,0,79.91734843508326,96.78418777032162,16.866839335238367,,,
PHAN_STRICT_POSTHOC,RAW,aggregate,hard_vector,47,0,0,29.492919992008172,36.43368057378188,6.940760581773706,,,
PHAN_STRICT_POSTHOC,RAW,aggregate,hard_vector,48,1,0,14.541009419190319,35.1336570908752,20.59264767168488,,,
PHAN_STRICT_POSTHOC,RAW,aggregate,hard_vector,49,0,0,9.16572251532398,10.430470990766834,1.264748475442854,,,
PHAN_STRICT_POSTHOC,RAW,aggregate,hard_vector,50,1,1,16.499576146283175,12.244469199735049,4.255106946548127,,,
PHAN_STRICT_POSTHOC,RAW,aggregate,hard_vector,51,0,1,122.76726131009431,111.08948585257934,11.677775457514969,,,
PHAN_STRICT_POSTHOC,RAW,aggregate,hard_vector,52,1,1,17.034338281539434,3.6988284144243506,13.335509867115082,,,
PHAN_STRICT_POSTHOC,RAW,aggregate,hard_vector,53,0,1,28.569439960666127,13.980705709265047,14.58873425140108,,,
PHAN_STRICT_POSTHOC,RAW,aggregate,hard_vector,54,1,0,44.785119961172214,49.501555910840494,4.716435949668281,,,
PHAN_STRICT_POSTHOC,RAW,aggregate,hard_vector,55,1,0,39.29563922555958,70.91217187685176,31.616532651292175,,,
PHAN_STRICT_POSTHOC,RAW,aggregate,hard_vector,56,0,0,19.18485854609346,30.54774559162015,11.36288704552669,,,
PHAN_STRICT_POSTHOC,RAW,aggregate,hard_vector,57,1,1,7.1331134450442075,4.7751981564155095,2.357915288628698,,,
PHAN_STRICT_POSTHOC,RAW,aggregate,hard_vector,58,0,1,4.097555558256419,1.2745552096495467,2.8230003486068718,,,
PHAN_STRICT_POSTHOC,RAW,aggregate,hard_vector,59,1,0,12.390018202540551,17.099305954425382,4.7092877518848315,,,
PHAN_STRICT_POSTHOC,RAW,aggregate,hard_vector,60,1,0,15.619410445156596,33.62890937691733,18.00949893176073,,,
PHAN_STRICT_POSTHOC,RAW,aggregate,soft_vector_codebook,16,0,0,15.46581324722041,23.47674452324744,8.01093127602703,0.0,0.0,0.0
PHAN_STRICT_POSTHOC,RAW,aggregate,soft_vector_codebook,17,1,0,60.12869984049691,70.81475489245996,10.686055051963052,1.0,1.0,0.0
PHAN_STRICT_POSTHOC,RAW,aggregate,soft_vector_codebook,18,0,1,12.576293540402077,2.1543856718666152,10.421907868535461,2.0,2.0,0.0
PHAN_STRICT_POSTHOC,RAW,aggregate,soft_vector_codebook,19,0,1,38.709099673904035,18.04679077406423,20.662308899839804,3.0,3.0,0.0
PHAN_STRICT_POSTHOC,RAW,aggregate,soft_vector_codebook,20,1,0,64.98843948872346,96.50834930324142,31.51990981451796,4.0,4.0,0.0
PHAN_STRICT_POSTHOC,RAW,aggregate,soft_vector_codebook,21,1,1,12.752768148628494,9.852396921606708,2.900371227021786,5.0,0.0,1.0
PHAN_STRICT_POSTHOC,RAW,aggregate,soft_vector_codebook,22,0,1,15.690056912543904,15.507895188119127,0.18216172442477685,6.0,1.0,1.0
PHAN_STRICT_POSTHOC,RAW,aggregate,soft_vector_codebook,23,0,1,60.42268234851672,45.48405910097927,14.93862324753745,7.0,2.0,1.0
PHAN_STRICT_POSTHOC,RAW,aggregate,soft_vector_codebook,24,0,0,12.201381101830757,13.325030020470294,1.123648918639537,8.0,3.0,1.0
PHAN_STRICT_POSTHOC,RAW,aggregate,soft_vector_codebook,25,0,1,43.6985985450881,43.63525470220023,0.06334384288787476,9.0,4.0,1.0
PHAN_STRICT_POSTHOC,RAW,aggregate,soft_vector_codebook,26,0,1,42.04166837435849,33.38702516245875,8.654643211899739,10.0,0.0,2.0
PHAN_STRICT_POSTHOC,RAW,aggregate,soft_vector_codebook,27,0,1,16.2232070930132,7.40085518880777,8.82235190420543,11.0,1.0,2.0
PHAN_STRICT_POSTHOC,RAW,aggregate,soft_vector_codebook,28,0,1,32.66272493131931,28.200525600019308,4.462199331300003,12.0,2.0,2.0
PHAN_STRICT_POSTHOC,RAW,aggregate,soft_vector_codebook,29,1,0,46.08656130908844,62.279978071386104,16.193416762297666,13.0,3.0,2.0
PHAN_STRICT_POSTHOC,RAW,aggregate,soft_vector_codebook,30,1,1,54.557048846380155,47.438707938337686,7.1183409080424696,14.0,4.0,2.0
PHAN_STRICT_POSTHOC,RAW,aggregate,soft_vector_codebook,31,0,0,28.36526870533647,29.143237780204633,0.7779690748681638,15.0,0.0,3.0
PHAN_STRICT_POSTHOC,RAW,aggregate,soft_vector_codebook,32,0,0,19.121065259292337,33.96787151342609,14.846806254133753,16.0,1.0,3.0
PHAN_STRICT_POSTHOC,RAW,aggregate,soft_vector_codebook,33,1,1,52.65397206343639,44.64275883317698,8.011213230259415,17.0,2.0,3.0
PHAN_STRICT_POSTHOC,RAW,aggregate,soft_vector_codebook,34,1,0,24.638713736399634,29.418567689085265,4.779853952685631,18.0,3.0,3.0
PHAN_STRICT_POSTHOC,RAW,aggregate,soft_vector_codebook,35,1,1,20.82205477010671,16.70612378724773,4.1159309828589805,19.0,4.0,3.0
PHAN_STRICT_POSTHOC,RAW,aggregate,soft_vector_codebook,36,1,1,15.724052465300973,6.674428964258775,9.049623501042198,20.0,0.0,4.0
PHAN_STRICT_POSTHOC,RAW,aggregate,soft_vector_codebook,37,0,1,34.57375099706895,22.808410147979693,11.765340849089256,21.0,1.0,4.0
PHAN_STRICT_POSTHOC,RAW,aggregate,soft_vector_codebook,38,1,0,7.82803870999086,16.297625728807716,8.469587018816856,22.0,2.0,4.0
PHAN_STRICT_POSTHOC,RAW,aggregate,soft_vector_codebook,39,0,1,4.287756923098775,1.3014078372149829,2.986349085883792,23.0,3.0,4.0
PHAN_STRICT_POSTHOC,RAW,aggregate,soft_vector_codebook,40,0,0,4.9012782087270885,12.951955942395513,8.050677733668424,24.0,4.0,4.0
PHAN_STRICT_POSTHOC,RAW,aggregate,soft_vector_codebook,41,0,1,51.273545064805084,49.917991637275136,1.355553427529948,25.0,0.0,5.0
PHAN_STRICT_POSTHOC,RAW,aggregate,soft_vector_codebook,42,0,0,42.66684306177141,52.685194364216144,10.018351302444735,26.0,1.0,5.0
PHAN_STRICT_POSTHOC,RAW,aggregate,soft_vector_codebook,43,1,0,22.23555192472992,31.451544077263176,9.215992152533257,27.0,2.0,5.0
PHAN_STRICT_POSTHOC,RAW,aggregate,soft_vector_codebook,44,1,1,33.895294435992604,31.59592394530415,2.299370490688453,28.0,3.0,5.0
PHAN_STRICT_POSTHOC,RAW,aggregate,soft_vector_codebook,45,0,1,17.62302156640312,10.029774919617312,7.5932466467858095,29.0,4.0,5.0
PHAN_STRICT_POSTHOC,RAW,aggregate,soft_vector_codebook,46,1,0,79.91734843508326,96.78418777032162,16.866839335238367,30.0,0.0,6.0
PHAN_STRICT_POSTHOC,RAW,aggregate,soft_vector_codebook,47,0,0,29.492919992008172,36.43368057378188,6.940760581773706,31.0,1.0,6.0
PHAN_STRICT_POSTHOC,RAW,aggregate,soft_vector_codebook,48,1,0,14.541009419190319,35.1336570908752,20.59264767168488,32.0,2.0,6.0
PHAN_STRICT_POSTHOC,RAW,aggregate,soft_vector_codebook,49,0,0,9.16572251532398,10.430470990766834,1.264748475442854,33.0,3.0,6.0
PHAN_STRICT_POSTHOC,RAW,aggregate,soft_vector_codebook,50,1,1,16.499576146283175,12.244469199735049,4.255106946548127,34.0,4.0,6.0
PHAN_STRICT_POSTHOC,RAW,aggregate,soft_vector_codebook,51,0,1,122.76726131009431,111.08948585257934,11.677775457514969,35.0,0.0,7.0
PHAN_STRICT_POSTHOC,RAW,aggregate,soft_vector_codebook,52,1,1,17.034338281539434,3.6988284144243506,13.335509867115082,36.0,1.0,7.0
PHAN_STRICT_POSTHOC,RAW,aggregate,soft_vector_codebook,53,0,1,28.569439960666127,13.980705709265047,14.58873425140108,37.0,2.0,7.0
PHAN_STRICT_POSTHOC,RAW,aggregate,soft_vector_codebook,54,1,0,44.785119961172214,49.501555910840494,4.716435949668281,38.0,3.0,7.0
PHAN_STRICT_POSTHOC,RAW,aggregate,soft_vector_codebook,55,1,0,39.29563922555958,70.91217187685176,31.616532651292175,39.0,4.0,7.0
PHAN_STRICT_POSTHOC,RAW,aggregate,soft_vector_codebook,56,0,0,19.18485854609346,30.54774559162015,11.36288704552669,40.0,0.0,8.0
PHAN_STRICT_POSTHOC,RAW,aggregate,soft_vector_codebook,57,1,1,7.1331134450442075,4.7751981564155095,2.357915288628698,41.0,1.0,8.0
PHAN_STRICT_POSTHOC,RAW,aggregate,soft_vector_codebook,58,0,1,4.097555558256419,1.2745552096495467,2.8230003486068718,42.0,2.0,8.0
PHAN_STRICT_POSTHOC,RAW,aggregate,soft_vector_codebook,59,1,0,12.390018202540551,17.099305954425382,4.7092877518848315,43.0,3.0,8.0
PHAN_STRICT_POSTHOC,RAW,aggregate,soft_vector_codebook,60,1,0,15.619410445156596,33.62890937691733,18.00949893176073,44.0,4.0,8.0
PHAN_STRICT_POSTHOC,POST_Q1_1,aggregate,hard_vector,16,0,0,11.070051006128878,16.047116450355322,4.977065444226444,,,
PHAN_STRICT_POSTHOC,POST_Q1_1,aggregate,hard_vector,17,1,1,42.296387998214506,34.130380654290846,8.16600734392366,,,
PHAN_STRICT_POSTHOC,POST_Q1_1,aggregate,hard_vector,18,0,1,6.749120381262906,3.72051137087267,3.028609010390236,,,
PHAN_STRICT_POSTHOC,POST_Q1_1,aggregate,hard_vector,19,0,1,64.45066741212878,40.27814184339148,24.1725255687373,,,
PHAN_STRICT_POSTHOC,POST_Q1_1,aggregate,hard_vector,20,1,0,61.15415016108376,72.3362593759922,11.182109214908436,,,
PHAN_STRICT_POSTHOC,POST_Q1_1,aggregate,hard_vector,21,1,1,15.457161587261965,6.693075904857596,8.764085682404367,,,
PHAN_STRICT_POSTHOC,POST_Q1_1,aggregate,hard_vector,22,0,0,26.615141175884954,30.23141743274182,3.6162762568568674,,,
PHAN_STRICT_POSTHOC,POST_Q1_1,aggregate,hard_vector,23,0,1,54.38471984546046,28.794536490507237,25.590183354953222,,,
PHAN_STRICT_POSTHOC,POST_Q1_1,aggregate,hard_vector,24,0,0,25.98892869791372,29.22962691937049,3.2406982214567677,,,
PHAN_STRICT_POSTHOC,POST_Q1_1,aggregate,hard_vector,25,0,0,46.1103568037019,51.69077471091586,5.580417907213963,,,
PHAN_STRICT_POSTHOC,POST_Q1_1,aggregate,hard_vector,26,0,1,34.456863843800356,24.03234766059967,10.424516183200687,,,
PHAN_STRICT_POSTHOC,POST_Q1_1,aggregate,hard_vector,27,0,1,31.860246988892303,18.438301549901386,13.421945438990917,,,
PHAN_STRICT_POSTHOC,POST_Q1_1,aggregate,hard_vector,28,0,0,21.675103294564305,28.120300520358686,6.445197225794381,,,
PHAN_STRICT_POSTHOC,POST_Q1_1,aggregate,hard_vector,29,1,0,12.513592124436805,27.384585322128654,14.870993197691849,,,
PHAN_STRICT_POSTHOC,POST_Q1_1,aggregate,hard_vector,30,1,0,28.557853317470823,49.12763952910167,20.56978621163085,,,
PHAN_STRICT_POSTHOC,POST_Q1_1,aggregate,hard_vector,31,0,1,21.417203122524505,7.575453502672132,13.841749619852372,,,
PHAN_STRICT_POSTHOC,POST_Q1_1,aggregate,hard_vector,32,0,0,2.433896163917088,8.088055656750631,5.654159492833543,,,
PHAN_STRICT_POSTHOC,POST_Q1_1,aggregate,hard_vector,33,1,1,74.19573108130568,51.03029859095558,23.1654324903501,,,
PHAN_STRICT_POSTHOC,POST_Q1_1,aggregate,hard_vector,34,1,1,30.036163157402747,25.681690913141782,4.354472244260965,,,
PHAN_STRICT_POSTHOC,POST_Q1_1,aggregate,hard_vector,35,1,1,29.240583386162772,10.969369266148254,18.27121412001452,,,
PHAN_STRICT_POSTHOC,POST_Q1_1,aggregate,hard_vector,36,1,0,1.9648092628848997,2.796311066420751,0.8315018035358512,,,
PHAN_STRICT_POSTHOC,POST_Q1_1,aggregate,hard_vector,37,0,1,21.330334877401206,6.748334596268563,14.582000281132643,,,
PHAN_STRICT_POSTHOC,POST_Q1_1,aggregate,hard_vector,38,1,0,15.402637443063925,25.83662798162933,10.433990538565405,,,
PHAN_STRICT_POSTHOC,POST_Q1_1,aggregate,hard_vector,39,0,1,8.38105403234349,4.569133592674173,3.8119204396693176,,,
PHAN_STRICT_POSTHOC,POST_Q1_1,aggregate,hard_vector,40,0,1,23.407496612466584,17.572591206102338,5.834905406364246,,,
PHAN_STRICT_POSTHOC,POST_Q1_1,aggregate,hard_vector,41,0,0,35.95047063993278,52.734633383331946,16.784162743399165,,,
PHAN_STRICT_POSTHOC,POST_Q1_1,aggregate,hard_vector,42,0,0,40.895328927189375,55.682841079940324,14.78751215275095,,,
PHAN_STRICT_POSTHOC,POST_Q1_1,aggregate,hard_vector,43,1,0,4.899311516084457,5.614179758213622,0.7148682421291648,,,
PHAN_STRICT_POSTHOC,POST_Q1_1,aggregate,hard_vector,44,1,1,37.673421208248136,28.155061197163544,9.518360011084592,,,
PHAN_STRICT_POSTHOC,POST_Q1_1,aggregate,hard_vector,45,0,1,14.292995397994828,4.47128985210862,9.821705545886207,,,
PHAN_STRICT_POSTHOC,POST_Q1_1,aggregate,hard_vector,46,1,0,59.65544797795119,67.09829825301894,7.442850275067748,,,
PHAN_STRICT_POSTHOC,POST_Q1_1,aggregate,hard_vector,47,0,1,16.64394695015117,8.204088285516432,8.43985866463474,,,
PHAN_STRICT_POSTHOC,POST_Q1_1,aggregate,hard_vector,48,1,0,6.6987489983207125,10.163893528025651,3.465144529704939,,,
PHAN_STRICT_POSTHOC,POST_Q1_1,aggregate,hard_vector,49,0,0,1.7023173805844283,5.225300187944211,3.522982807359783,,,
PHAN_STRICT_POSTHOC,POST_Q1_1,aggregate,hard_vector,50,1,0,17.89820471123557,24.19468708522547,6.2964823739899,,,
PHAN_STRICT_POSTHOC,POST_Q1_1,aggregate,hard_vector,51,0,1,80.18587887957253,55.45123243007173,24.7346464495008,,,
PHAN_STRICT_POSTHOC,POST_Q1_1,aggregate,hard_vector,52,1,1,9.415842235222197,3.038494517330939,6.377347717891258,,,
PHAN_STRICT_POSTHOC,POST_Q1_1,aggregate,hard_vector,53,0,1,27.050366369513743,13.168399978945477,13.881966390568266,,,
PHAN_STRICT_POSTHOC,POST_Q1_1,aggregate,hard_vector,54,1,1,114.05861847127188,111.01551114271872,3.0431073285531625,,,
PHAN_STRICT_POSTHOC,POST_Q1_1,aggregate,hard_vector,55,1,0,7.695691981314237,19.033206082937962,11.337514101623725,,,
PHAN_STRICT_POSTHOC,POST_Q1_1,aggregate,hard_vector,56,0,1,14.246060397837688,13.981158865234011,0.26490153260367677,,,
PHAN_STRICT_POSTHOC,POST_Q1_1,aggregate,hard_vector,57,1,1,9.408540291590398,3.4322815149625083,5.9762587766278905,,,
PHAN_STRICT_POSTHOC,POST_Q1_1,aggregate,hard_vector,58,0,1,17.665594482337774,7.36324531053485,10.302349171802923,,,
PHAN_STRICT_POSTHOC,POST_Q1_1,aggregate,hard_vector,59,1,0,7.832692378441676,13.790784157348018,5.958091778906342,,,
PHAN_STRICT_POSTHOC,POST_Q1_1,aggregate,hard_vector,60,1,0,12.616797138921704,33.900388696275066,21.28359155735336,,,
PHAN_STRICT_POSTHOC,POST_Q1_1,aggregate,soft_vector_codebook,16,0,0,11.070051006128878,16.047116450355322,4.977065444226444,0.0,0.0,0.0
PHAN_STRICT_POSTHOC,POST_Q1_1,aggregate,soft_vector_codebook,17,1,1,42.296387998214506,34.130380654290846,8.16600734392366,1.0,1.0,0.0
PHAN_STRICT_POSTHOC,POST_Q1_1,aggregate,soft_vector_codebook,18,0,1,6.749120381262906,3.72051137087267,3.028609010390236,2.0,2.0,0.0
PHAN_STRICT_POSTHOC,POST_Q1_1,aggregate,soft_vector_codebook,19,0,1,64.45066741212878,40.27814184339148,24.1725255687373,3.0,3.0,0.0
PHAN_STRICT_POSTHOC,POST_Q1_1,aggregate,soft_vector_codebook,20,1,0,61.15415016108376,72.3362593759922,11.182109214908436,4.0,4.0,0.0
PHAN_STRICT_POSTHOC,POST_Q1_1,aggregate,soft_vector_codebook,21,1,1,15.457161587261965,6.693075904857596,8.764085682404367,5.0,0.0,1.0
PHAN_STRICT_POSTHOC,POST_Q1_1,aggregate,soft_vector_codebook,22,0,0,26.615141175884954,30.23141743274182,3.6162762568568674,6.0,1.0,1.0
PHAN_STRICT_POSTHOC,POST_Q1_1,aggregate,soft_vector_codebook,23,0,1,54.38471984546046,28.794536490507237,25.590183354953222,7.0,2.0,1.0
PHAN_STRICT_POSTHOC,POST_Q1_1,aggregate,soft_vector_codebook,24,0,0,25.98892869791372,29.22962691937049,3.2406982214567677,8.0,3.0,1.0
PHAN_STRICT_POSTHOC,POST_Q1_1,aggregate,soft_vector_codebook,25,0,0,46.1103568037019,51.69077471091586,5.580417907213963,9.0,4.0,1.0
PHAN_STRICT_POSTHOC,POST_Q1_1,aggregate,soft_vector_codebook,26,0,1,34.456863843800356,24.03234766059967,10.424516183200687,10.0,0.0,2.0
PHAN_STRICT_POSTHOC,POST_Q1_1,aggregate,soft_vector_codebook,27,0,1,31.860246988892303,18.438301549901386,13.421945438990917,11.0,1.0,2.0
PHAN_STRICT_POSTHOC,POST_Q1_1,aggregate,soft_vector_codebook,28,0,0,21.675103294564305,28.120300520358686,6.445197225794381,12.0,2.0,2.0
PHAN_STRICT_POSTHOC,POST_Q1_1,aggregate,soft_vector_codebook,29,1,0,12.513592124436805,27.384585322128654,14.870993197691849,13.0,3.0,2.0
PHAN_STRICT_POSTHOC,POST_Q1_1,aggregate,soft_vector_codebook,30,1,0,28.557853317470823,49.12763952910167,20.56978621163085,14.0,4.0,2.0
PHAN_STRICT_POSTHOC,POST_Q1_1,aggregate,soft_vector_codebook,31,0,1,21.417203122524505,7.575453502672132,13.841749619852372,15.0,0.0,3.0
PHAN_STRICT_POSTHOC,POST_Q1_1,aggregate,soft_vector_codebook,32,0,0,2.433896163917088,8.088055656750631,5.654159492833543,16.0,1.0,3.0
PHAN_STRICT_POSTHOC,POST_Q1_1,aggregate,soft_vector_codebook,33,1,1,74.19573108130568,51.03029859095558,23.1654324903501,17.0,2.0,3.0
PHAN_STRICT_POSTHOC,POST_Q1_1,aggregate,soft_vector_codebook,34,1,1,30.036163157402747,25.681690913141782,4.354472244260965,18.0,3.0,3.0
PHAN_STRICT_POSTHOC,POST_Q1_1,aggregate,soft_vector_codebook,35,1,1,29.240583386162772,10.969369266148254,18.27121412001452,19.0,4.0,3.0
PHAN_STRICT_POSTHOC,POST_Q1_1,aggregate,soft_vector_codebook,36,1,0,1.9648092628848997,2.796311066420751,0.8315018035358512,20.0,0.0,4.0
PHAN_STRICT_POSTHOC,POST_Q1_1,aggregate,soft_vector_codebook,37,0,1,21.330334877401206,6.748334596268563,14.582000281132643,21.0,1.0,4.0
PHAN_STRICT_POSTHOC,POST_Q1_1,aggregate,soft_vector_codebook,38,1,0,15.402637443063925,25.83662798162933,10.433990538565405,22.0,2.0,4.0
PHAN_STRICT_POSTHOC,POST_Q1_1,aggregate,soft_vector_codebook,39,0,1,8.38105403234349,4.569133592674173,3.8119204396693176,23.0,3.0,4.0
PHAN_STRICT_POSTHOC,POST_Q1_1,aggregate,soft_vector_codebook,40,0,1,23.407496612466584,17.572591206102338,5.834905406364246,24.0,4.0,4.0
PHAN_STRICT_POSTHOC,POST_Q1_1,aggregate,soft_vector_codebook,41,0,0,35.95047063993278,52.734633383331946,16.784162743399165,25.0,0.0,5.0
PHAN_STRICT_POSTHOC,POST_Q1_1,aggregate,soft_vector_codebook,42,0,0,40.895328927189375,55.682841079940324,14.78751215275095,26.0,1.0,5.0
PHAN_STRICT_POSTHOC,POST_Q1_1,aggregate,soft_vector_codebook,43,1,0,4.899311516084457,5.614179758213622,0.7148682421291648,27.0,2.0,5.0
PHAN_STRICT_POSTHOC,POST_Q1_1,aggregate,soft_vector_codebook,44,1,1,37.673421208248136,28.155061197163544,9.518360011084592,28.0,3.0,5.0
PHAN_STRICT_POSTHOC,POST_Q1_1,aggregate,soft_vector_codebook,45,0,1,14.292995397994828,4.47128985210862,9.821705545886207,29.0,4.0,5.0
PHAN_STRICT_POSTHOC,POST_Q1_1,aggregate,soft_vector_codebook,46,1,0,59.65544797795119,67.09829825301894,7.442850275067748,30.0,0.0,6.0
PHAN_STRICT_POSTHOC,POST_Q1_1,aggregate,soft_vector_codebook,47,0,1,16.64394695015117,8.204088285516432,8.43985866463474,31.0,1.0,6.0
PHAN_STRICT_POSTHOC,POST_Q1_1,aggregate,soft_vector_codebook,48,1,0,6.6987489983207125,10.163893528025651,3.465144529704939,32.0,2.0,6.0
PHAN_STRICT_POSTHOC,POST_Q1_1,aggregate,soft_vector_codebook,49,0,0,1.7023173805844283,5.225300187944211,3.522982807359783,33.0,3.0,6.0
PHAN_STRICT_POSTHOC,POST_Q1_1,aggregate,soft_vector_codebook,50,1,0,17.89820471123557,24.19468708522547,6.2964823739899,34.0,4.0,6.0
PHAN_STRICT_POSTHOC,POST_Q1_1,aggregate,soft_vector_codebook,51,0,1,80.18587887957253,55.45123243007173,24.7346464495008,35.0,0.0,7.0
PHAN_STRICT_POSTHOC,POST_Q1_1,aggregate,soft_vector_codebook,52,1,1,9.415842235222197,3.038494517330939,6.377347717891258,36.0,1.0,7.0
PHAN_STRICT_POSTHOC,POST_Q1_1,aggregate,soft_vector_codebook,53,0,1,27.050366369513743,13.168399978945477,13.881966390568266,37.0,2.0,7.0
PHAN_STRICT_POSTHOC,POST_Q1_1,aggregate,soft_vector_codebook,54,1,1,114.05861847127188,111.01551114271872,3.0431073285531625,38.0,3.0,7.0
PHAN_STRICT_POSTHOC,POST_Q1_1,aggregate,soft_vector_codebook,55,1,0,7.695691981314237,19.033206082937962,11.337514101623725,39.0,4.0,7.0
PHAN_STRICT_POSTHOC,POST_Q1_1,aggregate,soft_vector_codebook,56,0,1,14.246060397837688,13.981158865234011,0.26490153260367677,40.0,0.0,8.0
PHAN_STRICT_POSTHOC,POST_Q1_1,aggregate,soft_vector_codebook,57,1,1,9.408540291590398,3.4322815149625083,5.9762587766278905,41.0,1.0,8.0
PHAN_STRICT_POSTHOC,POST_Q1_1,aggregate,soft_vector_codebook,58,0,1,17.665594482337774,7.36324531053485,10.302349171802923,42.0,2.0,8.0
PHAN_STRICT_POSTHOC,POST_Q1_1,aggregate,soft_vector_codebook,59,1,0,7.832692378441676,13.790784157348018,5.958091778906342,43.0,3.0,8.0
PHAN_STRICT_POSTHOC,POST_Q1_1,aggregate,soft_vector_codebook,60,1,0,12.616797138921704,33.900388696275066,21.28359155735336,44.0,4.0,8.0
REAL,RAW,aggregate,hard_vector,16,0,0,44.55392512843379,61.07054214879128,16.516617020357494,,,
REAL,RAW,aggregate,hard_vector,17,1,1,21.161238804842924,12.253738541982147,8.907500262860777,,,
REAL,RAW,aggregate,hard_vector,18,0,0,44.21432808400831,59.60110811693309,15.386780032924783,,,
REAL,RAW,aggregate,hard_vector,19,0,0,54.01211443396761,115.6977906520769,61.68567621810929,,,
REAL,RAW,aggregate,hard_vector,20,1,1,134.2130490666809,58.85155705136139,75.3614920153195,,,
REAL,RAW,aggregate,hard_vector,21,1,1,57.88769279878148,14.911223903761345,42.97646889502013,,,
REAL,RAW,aggregate,hard_vector,22,0,1,33.17615286040983,15.5438552441796,17.63229761623023,,,
REAL,RAW,aggregate,hard_vector,23,0,0,90.2371609093365,141.64232439205455,51.40516348271805,,,
REAL,RAW,aggregate,hard_vector,24,0,0,0.9040513661055992,17.69607676137135,16.792025395265753,,,
REAL,RAW,aggregate,hard_vector,25,0,0,52.09906403632602,66.36265252244267,14.263588486116653,,,
REAL,RAW,aggregate,hard_vector,26,0,1,175.18597363250518,95.71132573639379,79.47464789611139,,,
REAL,RAW,aggregate,hard_vector,27,0,0,27.865542129875934,34.825670191450484,6.960128061574551,,,
REAL,RAW,aggregate,hard_vector,28,0,0,2.604881024466229,11.653984185960836,9.049103161494607,,,
REAL,RAW,aggregate,hard_vector,29,1,1,71.3961593764443,31.203533540302903,40.1926258361414,,,
REAL,RAW,aggregate,hard_vector,30,1,1,107.80020917886843,103.6278031285256,4.172406050342829,,,
REAL,RAW,aggregate,hard_vector,31,0,0,140.64961081524237,212.86787194741697,72.2182611321746,,,
REAL,RAW,aggregate,hard_vector,32,0,0,43.23102624849871,102.43298768077982,59.20196143228111,,,
REAL,RAW,aggregate,hard_vector,33,1,1,197.070380309952,134.4321409843868,62.638239325565195,,,
REAL,RAW,aggregate,hard_vector,34,1,1,68.46725466345751,20.235857696919172,48.23139696653834,,,
REAL,RAW,aggregate,hard_vector,35,1,1,52.32624154875188,37.25826414856273,15.06797740018915,,,
REAL,RAW,aggregate,hard_vector,36,1,1,38.55823436403595,22.30024221490466,16.257992149131287,,,
REAL,RAW,aggregate,hard_vector,37,0,0,29.539233175904485,46.02801656574474,16.488783389840258,,,
REAL,RAW,aggregate,hard_vector,38,1,1,70.73328787260459,31.50200756234641,39.231280310258185,,,
REAL,RAW,aggregate,hard_vector,39,0,1,17.466104709077502,12.74417403129529,4.721930677782213,,,
REAL,RAW,aggregate,hard_vector,40,0,0,35.27236646497977,39.723927773714614,4.451561308734846,,,
REAL,RAW,aggregate,hard_vector,41,0,0,24.042794750917682,49.54437741579812,25.501582664880434,,,
REAL,RAW,aggregate,hard_vector,42,0,1,22.069483730783105,14.054140290216774,8.015343440566332,,,
REAL,RAW,aggregate,hard_vector,43,1,0,50.640224128293795,58.32949790605337,7.689273777759574,,,
REAL,RAW,aggregate,hard_vector,44,1,1,108.63402799164025,93.34191787309314,15.292110118547114,,,
REAL,RAW,aggregate,hard_vector,45,0,0,59.106763979442704,105.10517466076261,45.99841068131991,,,
REAL,RAW,aggregate,hard_vector,46,1,1,44.34530039218004,33.29612406101988,11.049176331160162,,,
REAL,RAW,aggregate,hard_vector,47,0,0,20.53712506448475,49.44147691511956,28.904351850634807,,,
REAL,RAW,aggregate,hard_vector,48,1,0,97.1735861682348,163.98874411204812,66.81515794381332,,,
REAL,RAW,aggregate,hard_vector,49,0,0,11.21634546437403,11.732946676378171,0.5166012120041419,,,
REAL,RAW,aggregate,hard_vector,50,1,1,75.27126745147359,24.432800945470632,50.83846650600296,,,
REAL,RAW,aggregate,hard_vector,51,0,0,35.3632244734518,37.74221275596932,2.3789882825175184,,,
REAL,RAW,aggregate,hard_vector,52,1,0,27.35764984074214,74.27209402516036,46.914444184418215,,,
REAL,RAW,aggregate,hard_vector,53,0,0,36.13930245188241,89.87011667514959,53.73081422326718,,,
REAL,RAW,aggregate,hard_vector,54,1,1,92.61643358034178,36.635170038589166,55.98126354175261,,,
REAL,RAW,aggregate,hard_vector,55,1,1,131.7487630547038,88.67644389681968,43.072319157884124,,,
REAL,RAW,aggregate,hard_vector,56,0,1,37.68587812476373,11.738475423577743,25.94740270118599,,,
REAL,RAW,aggregate,hard_vector,57,1,0,58.37697810439418,77.50380102574717,19.126822921352982,,,
REAL,RAW,aggregate,hard_vector,58,0,0,11.664521927812944,49.59710377091891,37.93258184310597,,,
REAL,RAW,aggregate,hard_vector,59,1,0,13.590778205158932,44.024950438524456,30.434172233365523,,,
REAL,RAW,aggregate,hard_vector,60,1,0,45.50544120827171,58.77769930540959,13.272258097137879,,,
REAL,RAW,aggregate,soft_vector_codebook,16,0,0,44.55392512843379,61.07054214879128,16.516617020357494,0.0,0.0,0.0
REAL,RAW,aggregate,soft_vector_codebook,17,1,1,21.161238804842924,12.253738541982147,8.907500262860777,1.0,1.0,0.0
REAL,RAW,aggregate,soft_vector_codebook,18,0,0,44.21432808400831,59.60110811693309,15.386780032924783,2.0,2.0,0.0
REAL,RAW,aggregate,soft_vector_codebook,19,0,0,54.01211443396761,115.6977906520769,61.68567621810929,3.0,3.0,0.0
REAL,RAW,aggregate,soft_vector_codebook,20,1,1,134.2130490666809,58.85155705136139,75.3614920153195,4.0,4.0,0.0
REAL,RAW,aggregate,soft_vector_codebook,21,1,1,57.88769279878148,14.911223903761345,42.97646889502013,5.0,0.0,1.0
REAL,RAW,aggregate,soft_vector_codebook,22,0,1,33.17615286040983,15.5438552441796,17.63229761623023,6.0,1.0,1.0
REAL,RAW,aggregate,soft_vector_codebook,23,0,0,90.2371609093365,141.64232439205455,51.40516348271805,7.0,2.0,1.0
REAL,RAW,aggregate,soft_vector_codebook,24,0,0,0.9040513661055992,17.69607676137135,16.792025395265753,8.0,3.0,1.0
REAL,RAW,aggregate,soft_vector_codebook,25,0,0,52.09906403632602,66.36265252244267,14.263588486116653,9.0,4.0,1.0
REAL,RAW,aggregate,soft_vector_codebook,26,0,1,175.18597363250518,95.71132573639379,79.47464789611139,10.0,0.0,2.0
REAL,RAW,aggregate,soft_vector_codebook,27,0,0,27.865542129875934,34.825670191450484,6.960128061574551,11.0,1.0,2.0
REAL,RAW,aggregate,soft_vector_codebook,28,0,0,2.604881024466229,11.653984185960836,9.049103161494607,12.0,2.0,2.0
REAL,RAW,aggregate,soft_vector_codebook,29,1,1,71.3961593764443,31.203533540302903,40.1926258361414,13.0,3.0,2.0
REAL,RAW,aggregate,soft_vector_codebook,30,1,1,107.80020917886843,103.6278031285256,4.172406050342829,14.0,4.0,2.0
REAL,RAW,aggregate,soft_vector_codebook,31,0,0,140.64961081524237,212.86787194741697,72.2182611321746,15.0,0.0,3.0
REAL,RAW,aggregate,soft_vector_codebook,32,0,0,43.23102624849871,102.43298768077982,59.20196143228111,16.0,1.0,3.0
REAL,RAW,aggregate,soft_vector_codebook,33,1,1,197.070380309952,134.4321409843868,62.638239325565195,17.0,2.0,3.0
REAL,RAW,aggregate,soft_vector_codebook,34,1,1,68.46725466345751,20.235857696919172,48.23139696653834,18.0,3.0,3.0
REAL,RAW,aggregate,soft_vector_codebook,35,1,1,52.32624154875188,37.25826414856273,15.06797740018915,19.0,4.0,3.0
REAL,RAW,aggregate,soft_vector_codebook,36,1,1,38.55823436403595,22.30024221490466,16.257992149131287,20.0,0.0,4.0
REAL,RAW,aggregate,soft_vector_codebook,37,0,0,29.539233175904485,46.02801656574474,16.488783389840258,21.0,1.0,4.0
REAL,RAW,aggregate,soft_vector_codebook,38,1,1,70.73328787260459,31.50200756234641,39.231280310258185,22.0,2.0,4.0
REAL,RAW,aggregate,soft_vector_codebook,39,0,1,17.466104709077502,12.74417403129529,4.721930677782213,23.0,3.0,4.0
REAL,RAW,aggregate,soft_vector_codebook,40,0,0,35.27236646497977,39.723927773714614,4.451561308734846,24.0,4.0,4.0
REAL,RAW,aggregate,soft_vector_codebook,41,0,0,24.042794750917682,49.54437741579812,25.501582664880434,25.0,0.0,5.0
REAL,RAW,aggregate,soft_vector_codebook,42,0,1,22.069483730783105,14.054140290216774,8.015343440566332,26.0,1.0,5.0
REAL,RAW,aggregate,soft_vector_codebook,43,1,0,50.640224128293795,58.32949790605337,7.689273777759574,27.0,2.0,5.0
REAL,RAW,aggregate,soft_vector_codebook,44,1,1,108.63402799164025,93.34191787309314,15.292110118547114,28.0,3.0,5.0
REAL,RAW,aggregate,soft_vector_codebook,45,0,0,59.106763979442704,105.10517466076261,45.99841068131991,29.0,4.0,5.0
REAL,RAW,aggregate,soft_vector_codebook,46,1,1,44.34530039218004,33.29612406101988,11.049176331160162,30.0,0.0,6.0
REAL,RAW,aggregate,soft_vector_codebook,47,0,0,20.53712506448475,49.44147691511956,28.904351850634807,31.0,1.0,6.0
REAL,RAW,aggregate,soft_vector_codebook,48,1,0,97.1735861682348,163.98874411204812,66.81515794381332,32.0,2.0,6.0
REAL,RAW,aggregate,soft_vector_codebook,49,0,0,11.21634546437403,11.732946676378171,0.5166012120041419,33.0,3.0,6.0
REAL,RAW,aggregate,soft_vector_codebook,50,1,1,75.27126745147359,24.432800945470632,50.83846650600296,34.0,4.0,6.0
REAL,RAW,aggregate,soft_vector_codebook,51,0,0,35.3632244734518,37.74221275596932,2.3789882825175184,35.0,0.0,7.0
REAL,RAW,aggregate,soft_vector_codebook,52,1,0,27.35764984074214,74.27209402516036,46.914444184418215,36.0,1.0,7.0
REAL,RAW,aggregate,soft_vector_codebook,53,0,0,36.13930245188241,89.87011667514959,53.73081422326718,37.0,2.0,7.0
REAL,RAW,aggregate,soft_vector_codebook,54,1,1,92.61643358034178,36.635170038589166,55.98126354175261,38.0,3.0,7.0
REAL,RAW,aggregate,soft_vector_codebook,55,1,1,131.7487630547038,88.67644389681968,43.072319157884124,39.0,4.0,7.0
REAL,RAW,aggregate,soft_vector_codebook,56,0,1,37.68587812476373,11.738475423577743,25.94740270118599,40.0,0.0,8.0
REAL,RAW,aggregate,soft_vector_codebook,57,1,0,58.37697810439418,77.50380102574717,19.126822921352982,41.0,1.0,8.0
REAL,RAW,aggregate,soft_vector_codebook,58,0,0,11.664521927812944,49.59710377091891,37.93258184310597,42.0,2.0,8.0
REAL,RAW,aggregate,soft_vector_codebook,59,1,0,13.590778205158932,44.024950438524456,30.434172233365523,43.0,3.0,8.0
REAL,RAW,aggregate,soft_vector_codebook,60,1,0,45.50544120827171,58.77769930540959,13.272258097137879,44.0,4.0,8.0
REAL,POST_Q1_1,aggregate,hard_vector,16,0,0,10.508757305369675,50.840543480975036,40.33178617560536,,,
REAL,POST_Q1_1,aggregate,hard_vector,17,1,1,43.59925633119454,5.71533111068297,37.88392522051157,,,
REAL,POST_Q1_1,aggregate,hard_vector,18,0,0,12.356687874751428,57.931315577091155,45.574627702339725,,,
REAL,POST_Q1_1,aggregate,hard_vector,19,0,0,64.07070235322637,125.74120953246029,61.67050717923392,,,
REAL,POST_Q1_1,aggregate,hard_vector,20,1,1,42.08041691826461,9.769724975494574,32.310691942770035,,,
REAL,POST_Q1_1,aggregate,hard_vector,21,1,1,47.88177906738867,5.529812883674962,42.35196618371371,,,
REAL,POST_Q1_1,aggregate,hard_vector,22,0,0,10.845834683330576,30.790114644775375,19.9442799614448,,,
REAL,POST_Q1_1,aggregate,hard_vector,23,0,0,19.439171410877766,57.40214232237879,37.96297091150103,,,
REAL,POST_Q1_1,aggregate,hard_vector,24,0,0,4.359124710879422,66.59554946002848,62.23642474914906,,,
REAL,POST_Q1_1,aggregate,hard_vector,25,0,0,1.300496932273236,49.928138200099255,48.62764126782602,,,
REAL,POST_Q1_1,aggregate,hard_vector,26,0,0,39.24127151842827,40.970016733310985,1.7287452148827143,,,
REAL,POST_Q1_1,aggregate,hard_vector,27,0,0,21.415487063049717,73.81898333867676,52.40349627562704,,,
REAL,POST_Q1_1,aggregate,hard_vector,28,0,0,2.120314599432692,27.00917078657646,24.888856187143766,,,
REAL,POST_Q1_1,aggregate,hard_vector,29,1,1,60.81111168164984,7.962682627858878,52.848429053790966,,,
REAL,POST_Q1_1,aggregate,hard_vector,30,1,1,35.341870923381954,24.853179758943615,10.48869116443834,,,
REAL,POST_Q1_1,aggregate,hard_vector,31,0,0,23.66340769345005,123.03918465225433,99.37577695880428,,,
REAL,POST_Q1_1,aggregate,hard_vector,32,0,0,57.62921120726564,137.3264530218147,79.69724181454906,,,
REAL,POST_Q1_1,aggregate,hard_vector,33,1,1,108.14205890753762,24.739385218446333,83.40267368909129,,,
REAL,POST_Q1_1,aggregate,hard_vector,34,1,1,84.4534818597873,9.84404463526007,74.60943722452723,,,
REAL,POST_Q1_1,aggregate,hard_vector,35,1,1,39.40710063897906,14.905221541163819,24.50187909781524,,,
REAL,POST_Q1_1,aggregate,hard_vector,36,1,1,38.77110208427787,0.18839512342200376,38.582706960855866,,,
REAL,POST_Q1_1,aggregate,hard_vector,37,0,0,6.184483170287147,27.55508324084347,21.37060007055632,,,
REAL,POST_Q1_1,aggregate,hard_vector,38,1,1,63.474441146729156,4.718492419424005,58.75594872730515,,,
REAL,POST_Q1_1,aggregate,hard_vector,39,0,0,1.3217548610051348,51.52169796400336,50.199943102998226,,,
REAL,POST_Q1_1,aggregate,hard_vector,40,0,0,14.275274697315279,71.00341661389068,56.728141916575396,,,
REAL,POST_Q1_1,aggregate,hard_vector,41,0,0,17.127356394946496,56.277178974342505,39.14982257939601,,,
REAL,POST_Q1_1,aggregate,hard_vector,42,0,0,3.808004736289297,48.81792416813989,45.00991943185059,,,
REAL,POST_Q1_1,aggregate,hard_vector,43,1,1,66.10746171750284,39.62695720890927,26.480504508593576,,,
REAL,POST_Q1_1,aggregate,hard_vector,44,1,1,53.49609859821244,19.271271635612248,34.22482696260019,,,
REAL,POST_Q1_1,aggregate,hard_vector,45,0,0,8.420720566089958,33.6815058309848,25.26078526489484,,,
REAL,POST_Q1_1,aggregate,hard_vector,46,1,1,24.88458821748721,7.763163611722275,17.121424605764936,,,
REAL,POST_Q1_1,aggregate,hard_vector,47,0,0,9.921351394037192,38.62844006844745,28.70708867441026,,,
REAL,POST_Q1_1,aggregate,hard_vector,48,1,1,45.325171750261205,24.756339897889468,20.568831852371737,,,
REAL,POST_Q1_1,aggregate,hard_vector,49,0,0,6.9626351616859194,18.596664296085667,11.634029134399746,,,
REAL,POST_Q1_1,aggregate,hard_vector,50,1,1,105.02172856680521,18.584696293120377,86.43703227368484,,,
REAL,POST_Q1_1,aggregate,hard_vector,51,0,0,10.995937171203003,55.3519227441412,44.355985572938195,,,
REAL,POST_Q1_1,aggregate,hard_vector,52,1,1,27.63432808575143,6.8386556166631065,20.795672469088323,,,
REAL,POST_Q1_1,aggregate,hard_vector,53,0,0,3.7968128773792267,62.25379624796898,58.456983370589754,,,
REAL,POST_Q1_1,aggregate,hard_vector,54,1,1,57.976533052845,3.015294906162978,54.96123814668202,,,
REAL,POST_Q1_1,aggregate,hard_vector,55,1,1,37.11016721964296,7.441325821016033,29.668841398626927,,,
REAL,POST_Q1_1,aggregate,hard_vector,56,0,0,32.38443643483312,60.858105523539635,28.473669088706515,,,
REAL,POST_Q1_1,aggregate,hard_vector,57,1,1,77.2240718313695,34.49152002647966,42.73255180488984,,,
REAL,POST_Q1_1,aggregate,hard_vector,58,0,0,25.363259024485906,71.72771320672705,46.36445418224114,,,
REAL,POST_Q1_1,aggregate,hard_vector,59,1,1,33.968208906463175,29.413489314738968,4.554719591724208,,,
REAL,POST_Q1_1,aggregate,hard_vector,60,1,1,123.95366963215918,65.24629722028382,58.707372411875355,,,
REAL,POST_Q1_1,aggregate,soft_vector_codebook,16,0,0,10.508757305369675,50.840543480975036,40.33178617560536,0.0,0.0,0.0
REAL,POST_Q1_1,aggregate,soft_vector_codebook,17,1,1,43.59925633119454,5.71533111068297,37.88392522051157,1.0,1.0,0.0
REAL,POST_Q1_1,aggregate,soft_vector_codebook,18,0,0,12.356687874751428,57.931315577091155,45.574627702339725,2.0,2.0,0.0
REAL,POST_Q1_1,aggregate,soft_vector_codebook,19,0,0,64.07070235322637,125.74120953246029,61.67050717923392,3.0,3.0,0.0
REAL,POST_Q1_1,aggregate,soft_vector_codebook,20,1,1,42.08041691826461,9.769724975494574,32.310691942770035,4.0,4.0,0.0
REAL,POST_Q1_1,aggregate,soft_vector_codebook,21,1,1,47.88177906738867,5.529812883674962,42.35196618371371,5.0,0.0,1.0
REAL,POST_Q1_1,aggregate,soft_vector_codebook,22,0,0,10.845834683330576,30.790114644775375,19.9442799614448,6.0,1.0,1.0
REAL,POST_Q1_1,aggregate,soft_vector_codebook,23,0,0,19.439171410877766,57.40214232237879,37.96297091150103,7.0,2.0,1.0
REAL,POST_Q1_1,aggregate,soft_vector_codebook,24,0,0,4.359124710879422,66.59554946002848,62.23642474914906,8.0,3.0,1.0
REAL,POST_Q1_1,aggregate,soft_vector_codebook,25,0,0,1.300496932273236,49.928138200099255,48.62764126782602,9.0,4.0,1.0
REAL,POST_Q1_1,aggregate,soft_vector_codebook,26,0,0,39.24127151842827,40.970016733310985,1.7287452148827143,10.0,0.0,2.0
REAL,POST_Q1_1,aggregate,soft_vector_codebook,27,0,0,21.415487063049717,73.81898333867676,52.40349627562704,11.0,1.0,2.0
REAL,POST_Q1_1,aggregate,soft_vector_codebook,28,0,0,2.120314599432692,27.00917078657646,24.888856187143766,12.0,2.0,2.0
REAL,POST_Q1_1,aggregate,soft_vector_codebook,29,1,1,60.81111168164984,7.962682627858878,52.848429053790966,13.0,3.0,2.0
REAL,POST_Q1_1,aggregate,soft_vector_codebook,30,1,1,35.341870923381954,24.853179758943615,10.48869116443834,14.0,4.0,2.0
REAL,POST_Q1_1,aggregate,soft_vector_codebook,31,0,0,23.66340769345005,123.03918465225433,99.37577695880428,15.0,0.0,3.0
REAL,POST_Q1_1,aggregate,soft_vector_codebook,32,0,0,57.62921120726564,137.3264530218147,79.69724181454906,16.0,1.0,3.0
REAL,POST_Q1_1,aggregate,soft_vector_codebook,33,1,1,108.14205890753762,24.739385218446333,83.40267368909129,17.0,2.0,3.0
REAL,POST_Q1_1,aggregate,soft_vector_codebook,34,1,1,84.4534818597873,9.84404463526007,74.60943722452723,18.0,3.0,3.0
REAL,POST_Q1_1,aggregate,soft_vector_codebook,35,1,1,39.40710063897906,14.905221541163819,24.50187909781524,19.0,4.0,3.0
REAL,POST_Q1_1,aggregate,soft_vector_codebook,36,1,1,38.77110208427787,0.18839512342200376,38.582706960855866,20.0,0.0,4.0
REAL,POST_Q1_1,aggregate,soft_vector_codebook,37,0,0,6.184483170287147,27.55508324084347,21.37060007055632,21.0,1.0,4.0
REAL,POST_Q1_1,aggregate,soft_vector_codebook,38,1,1,63.474441146729156,4.718492419424005,58.75594872730515,22.0,2.0,4.0
REAL,POST_Q1_1,aggregate,soft_vector_codebook,39,0,0,1.3217548610051348,51.52169796400336,50.199943102998226,23.0,3.0,4.0
REAL,POST_Q1_1,aggregate,soft_vector_codebook,40,0,0,14.275274697315279,71.00341661389068,56.728141916575396,24.0,4.0,4.0
REAL,POST_Q1_1,aggregate,soft_vector_codebook,41,0,0,17.127356394946496,56.277178974342505,39.14982257939601,25.0,0.0,5.0
REAL,POST_Q1_1,aggregate,soft_vector_codebook,42,0,0,3.808004736289297,48.81792416813989,45.00991943185059,26.0,1.0,5.0
REAL,POST_Q1_1,aggregate,soft_vector_codebook,43,1,1,66.10746171750284,39.62695720890927,26.480504508593576,27.0,2.0,5.0
REAL,POST_Q1_1,aggregate,soft_vector_codebook,44,1,1,53.49609859821244,19.271271635612248,34.22482696260019,28.0,3.0,5.0
REAL,POST_Q1_1,aggregate,soft_vector_codebook,45,0,0,8.420720566089958,33.6815058309848,25.26078526489484,29.0,4.0,5.0
REAL,POST_Q1_1,aggregate,soft_vector_codebook,46,1,1,24.88458821748721,7.763163611722275,17.121424605764936,30.0,0.0,6.0
REAL,POST_Q1_1,aggregate,soft_vector_codebook,47,0,0,9.921351394037192,38.62844006844745,28.70708867441026,31.0,1.0,6.0
REAL,POST_Q1_1,aggregate,soft_vector_codebook,48,1,1,45.325171750261205,24.756339897889468,20.568831852371737,32.0,2.0,6.0
REAL,POST_Q1_1,aggregate,soft_vector_codebook,49,0,0,6.9626351616859194,18.596664296085667,11.634029134399746,33.0,3.0,6.0
REAL,POST_Q1_1,aggregate,soft_vector_codebook,50,1,1,105.02172856680521,18.584696293120377,86.43703227368484,34.0,4.0,6.0
REAL,POST_Q1_1,aggregate,soft_vector_codebook,51,0,0,10.995937171203003,55.3519227441412,44.355985572938195,35.0,0.0,7.0
REAL,POST_Q1_1,aggregate,soft_vector_codebook,52,1,1,27.63432808575143,6.8386556166631065,20.795672469088323,36.0,1.0,7.0
REAL,POST_Q1_1,aggregate,soft_vector_codebook,53,0,0,3.7968128773792267,62.25379624796898,58.456983370589754,37.0,2.0,7.0
REAL,POST_Q1_1,aggregate,soft_vector_codebook,54,1,1,57.976533052845,3.015294906162978,54.96123814668202,38.0,3.0,7.0
REAL,POST_Q1_1,aggregate,soft_vector_codebook,55,1,1,37.11016721964296,7.441325821016033,29.668841398626927,39.0,4.0,7.0
REAL,POST_Q1_1,aggregate,soft_vector_codebook,56,0,0,32.38443643483312,60.858105523539635,28.473669088706515,40.0,0.0,8.0
REAL,POST_Q1_1,aggregate,soft_vector_codebook,57,1,1,77.2240718313695,34.49152002647966,42.73255180488984,41.0,1.0,8.0
REAL,POST_Q1_1,aggregate,soft_vector_codebook,58,0,0,25.363259024485906,71.72771320672705,46.36445418224114,42.0,2.0,8.0
REAL,POST_Q1_1,aggregate,soft_vector_codebook,59,1,1,33.968208906463175,29.413489314738968,4.554719591724208,43.0,3.0,8.0
REAL,POST_Q1_1,aggregate,soft_vector_codebook,60,1,1,123.95366963215918,65.24629722028382,58.707372411875355,44.0,4.0,8.0
